seed,suggestion,via
trump account,what trump accounts,question:what
trump account,what trump account for kids,question:what
trump account,what's trump account election,question:what
trump account,donald trump account,question:what
trump account,donald trump account for kids,question:what
trump account,donald trump account on x,question:what
trump account,donald trump account truth social,question:what
trump account,donald trump account suspended,question:what
trump account,donald trump account twitter,question:what
trump account,donald trump account social media,question:what
trump account,how trump accounts work,question:how
trump account,how trump accounts for kids work,question:how
trump account,how trump accounts will work,question:how
trump account,how trump account,question:how
trump account,how trump accounts are taxed,question:how
trump account,why trump accounts,question:why
trump account,donald trump account truth,question:why
trump account,donald trump account instagram,question:why
trump account,is trump account worth it,question:is
trump account,is trump account real,question:is
trump account,is trump account legit,question:is
trump account,is trump account tax free,question:is
trump account,is trump account tax deductible,question:is
trump account,is trump account better than 529,question:is
trump account,is trump account app legit,question:is
trump account,is trump account for kids worth it,question:is
trump account,is trump accounts.gov legit,question:is
trump account,is trump account for kids good,question:is
trump account,does trump account grow tax free,question:does
trump account,does trump account affect financial aid,question:does
trump account,does trump account accrue interest,question:does
trump account,does trump account have income limit,question:does
trump account,does trump account affect taxes,question:does
trump account,does trump account affect fafsa,question:does
trump account,does trump account grow interest,question:does
trump account,does trump account have tax benefits,question:does
trump account,does trump account have an app,question:does
trump account,does trump account cost money,question:does
trump account,can trump accounts be converted to roth ira,question:can
trump account,can trump accounts be used for education,question:can
trump account,can trump accounts be used for college,question:can
trump account,can trump accounts be opened for older children,question:can
trump account,can trump accounts be converted to roth,question:can
trump account,can trump accounts be used for anything,question:can
trump account,can trump accounts be opened yet,question:can
trump account,can trump accounts lose money,question:can
trump account,can trump accounts be rolled over,question:can
trump account,can trump accounts be withdrawn at 18,question:can
trump account,will trump accounts be tax free,question:should
trump account,will trump account contributions be tax deductible,question:should
trump account,will trump accounts be taxed,question:should
trump account,will trump accounts affect fafsa,question:should
trump account,will trump account affect financial aid,question:should
trump account,will trump accounts work,question:should
trump account,will trump accounts be tax deductible,question:should
trump account,will trump accounts grow tax free,question:should
trump account,will trump accounts earn interest,question:should
trump account,will trump accounts count against fafsa,question:should
trump account,when trump accounts start,question:when
trump account,when trump accounts,question:when
trump account,when do trump accounts start,question:when
trump account,when are trump accounts available,question:when
trump account,when does trump account start,question:when
trump account,when do trump accounts go into effect,question:when
trump account,when will trump accounts be available,question:when
trump account,when can trump accounts be opened,question:when
trump account,when did trump accounts start,question:when
trump account,when do trump accounts go live,question:when
trump account,is donald trump's x account suspended,question:where
trump account,which trump account is real,question:which
trump account,which trump twitter account is real,question:which
trump account,which trump x account is real,question:which
trump account,which kids get trump accounts,question:which
trump account,which children qualify for trump accounts,question:which
trump account,which kids qualify for trump accounts,question:which
trump account,trump accounts which bank,question:which
trump account,which is trump's x account,question:which
trump account,which donald trump x account is real,question:which
trump account,which bank does trump use,question:which
trump account,trump account app,alphabet:a
trump account,trump account age limit,alphabet:a
trump account,trump account application,alphabet:a
trump account,trump account age,alphabet:a
trump account,trump account annual contribution limit,alphabet:a
trump account,trump account age eligibility,alphabet:a
trump account,trump account age range,alphabet:a
trump account,trump account advantages,alphabet:a
trump account,trump account access,alphabet:a
trump account,trump account after 18 years,alphabet:a
trump account,trump account benefits,alphabet:b
trump account,trump account baby,alphabet:b
trump account,trump account birth years,alphabet:b
trump account,trump account beneficiary,alphabet:b
trump account,trump account born before 2025,alphabet:b
trump account,trump account bank of america,alphabet:b
trump account,trump account basics,alphabet:b
trump account,trump account born in 2024,alphabet:b
trump account,trump account banks,alphabet:b
trump account,trump account brokerage,alphabet:b
trump account,trump account calculator,alphabet:c
trump account,trump account contribution limit,alphabet:c
trump account,trump account contributions,alphabet:c
trump account,trump account custodian,alphabet:c
trump account,trump account contribution tax deductible,alphabet:c
trump account,trump account children,alphabet:c
trump account,trump account child,alphabet:c
trump account,trump account conversion to roth ira,alphabet:c
trump account,trump account contribution program,alphabet:c
trump account,trump account criteria,alphabet:c
trump account,trump account details,alphabet:d
trump account,trump account deadline,alphabet:d
trump account,trump account dell donation,alphabet:d
trump account,trump account dell contribution,alphabet:d
trump account,trump account dell,alphabet:d
trump account,trump account dates,alphabet:d
trump account,trump account downsides,alphabet:d
trump account,trump account distribution rules,alphabet:d
trump account,trump account donations,alphabet:d
trump account,trump account dell zip codes,alphabet:d
trump account,trump account eligibility,alphabet:e
trump account,trump account election,alphabet:e
trump account,trump account email,alphabet:e
trump account,trump account election form 4547,alphabet:e
trump account,trump account election form,alphabet:e
trump account,trump account explained,alphabet:e
trump account,trump account employer contribution,alphabet:e
trump account,trump account enrollment,alphabet:e
trump account,trump account eligibility age,alphabet:e
trump account,trump account election taxes,alphabet:e
trump account,trump account for kids,alphabet:f
trump account,trump account for older kids,alphabet:f
trump account,trump account for newborns,alphabet:f
trump account,trump account for kids born before 2025,alphabet:f
trump account,trump account form,alphabet:f
trump account,trump account for kids eligibility,alphabet:f
trump account,trump account for older kids $250,alphabet:f
trump account,trump account for babies,alphabet:f
trump account,trump account for children,alphabet:f
trump account,trump account form 4547,alphabet:f
trump account,trump account gov,alphabet:g
trump account,trump account growth calculator,alphabet:g
trump account,trump account guidelines,alphabet:g
trump account,trump account gift tax,alphabet:g
trump account,trump account growth,alphabet:g
trump account,trump account government contribution,alphabet:g
trump account,trump account guidance,alphabet:g
trump account,trump account growth chart,alphabet:g
trump account,trump account grants,alphabet:g
trump account,trump account growth rate,alphabet:g
trump account,trump account how to open,alphabet:h
trump account,trump account how does it work,alphabet:h
trump account,trump account how to sign up,alphabet:h
trump account,trump account how to apply,alphabet:h
trump account,trump account how much by 18,alphabet:h
trump account,trump account how to set up,alphabet:h
trump account,trump account how to,alphabet:h
trump account,trump account hr block,alphabet:h
trump account,trump account how to access,alphabet:h
trump account,trump account home purchase,alphabet:h
trump account,trump account income limit,alphabet:i
trump account,trump account information,alphabet:i
trump account,trump account investment options,alphabet:i
trump account,trump account interest rate,alphabet:i
trump account,trump account irs,alphabet:i
trump account,trump account irs form,alphabet:i
trump account,trump account ira,alphabet:i
trump account,trump account irs form 4547,alphabet:i
trump account,trump account investments,alphabet:i
trump account,trump account is it worth it,alphabet:i
trump account,trump account july 2026,alphabet:j
trump account,trump account jumpstart,alphabet:j
trump account,trump account july 4,alphabet:j
trump account,trump account july 4 2026,alphabet:j
trump account,trump account july,alphabet:j
trump account,trump account jp morgan,alphabet:j
trump account,trump account kids,alphabet:j
trump account,trump account jumpstart the american dream,alphabet:j
trump account,trump account jp morgan chase,alphabet:j
trump account,trump account.job,alphabet:j
trump account,trump account kids born before 2025,alphabet:k
trump account,trump account kids under 10,alphabet:k
trump account,trump account kids reddit,alphabet:k
trump account,trump account kids eligibility,alphabet:k
trump account,trump account kids age,alphabet:k
trump account,trump account kitces,alphabet:k
trump account,trump account kids under 18,alphabet:k
trump account,trump account kids born 2024,alphabet:k
trump account,trump account child born in 2024,alphabet:k
trump account,trump account login,alphabet:l
trump account,trump account limits,alphabet:l
trump account,trump account legit,alphabet:l
trump account,trump account launch date,alphabet:l
trump account,trump account link,alphabet:l
trump account,trump account lookup,alphabet:l
trump account,trump account lacerte,alphabet:l
trump account,trump account login page,alphabet:l
trump account,trump account legislation,alphabet:l
trump account,trump account launch,alphabet:l
trump account,trump account max contribution,alphabet:m
trump account,trump account match,alphabet:m
trump account,trump account maximum contribution,alphabet:m
trump account,trump account minimum contribution,alphabet:m
trump account,trump account max,alphabet:m
trump account,trump account michael dell,alphabet:m
trump account,trump account meaning,alphabet:m
trump account,trump account money,alphabet:m
trump account,trump account math,alphabet:m
trump account,trump account management,alphabet:m
trump account,trump account newborn,alphabet:n
trump account,trump account news,alphabet:n
trump account,trump account name,alphabet:n
trump account,trump account negatives,alphabet:n
trump account,trump account notice,alphabet:n
trump account,trump account nest egg,alphabet:n
trump account,trump account notification,alphabet:n
trump account,trump account nerdwallet,alphabet:n
trump account,trump account not working,alphabet:n
trump account,trump account not worth it,alphabet:n
trump account,trump account opening,alphabet:o
trump account,trump account or 529,alphabet:o
trump account,trump account on truth social,alphabet:o
trump account,trump account opening date,alphabet:o
trump account,trump account overview,alphabet:o
trump account,trump account on taxes,alphabet:o
trump account,trump account on tax return,alphabet:o
trump account,trump account official website,alphabet:o
trump account,trump account on x,alphabet:o
trump account,trump account official name,alphabet:o
trump account,trump account pros and cons,alphabet:p
trump account,trump account pilot program,alphabet:p
trump account,trump account portal,alphabet:p
trump account,trump account pilot program contribution,alphabet:p
trump account,trump account projections,alphabet:p
trump account,trump account program,alphabet:p
trump account,trump account pilot program eligibility,alphabet:p
trump account,trump account providers,alphabet:p
trump account,trump account process,alphabet:p
trump account,trump account projected growth,alphabet:p
trump account,trump account qualifications,alphabet:q
trump account,trump account qualified expenses,alphabet:q
trump account,trump account qualifying child,alphabet:q
trump account,trump account qualified withdrawals,alphabet:q
trump account,trump account qualify,alphabet:q
trump account,trump account qualifying zip codes,alphabet:q
trump account,trump account questions,alphabet:q
trump account,trump account qualified distributions,alphabet:q
trump account,trump account que es,alphabet:q
trump account,trump account qualified uses,alphabet:q
trump account,trump account rules,alphabet:r
trump account,trump account reddit,alphabet:r
trump account,trump account robinhood,alphabet:r
trump account,trump account requirements,alphabet:r
trump account,trump account roth conversion,alphabet:r
trump account,trump account registration,alphabet:r
trump account,trump account return rate,alphabet:r
trump account,trump account roth ira,alphabet:r
trump account,trump account review,alphabet:r
trump account,trump account rules for kids,alphabet:r
trump account,trump account sign up,alphabet:s
trump account,trump account status,alphabet:s
trump account,trump account setup,alphabet:s
trump account,trump account seed money,alphabet:s
trump account,trump account start date,alphabet:s
trump account,trump account schwab,alphabet:s
trump account,trump account summary,alphabet:s
trump account,trump account sign in,alphabet:s
trump account,trump account seed money for older kids,alphabet:s
trump account,trump account sign up form,alphabet:s
trump account,trump account tax advantages,alphabet:t
trump account,trump account tax form,alphabet:t
trump account,trump account tax benefit,alphabet:t
trump account,trump account taxes,alphabet:t
trump account,trump account turbo tax,alphabet:t
trump account,trump account tax deduction,alphabet:t
trump account,trump account tax implications,alphabet:t
trump account,trump account truth social,alphabet:t
trump account,trump account to roth ira,alphabet:t
trump account,trump account taxation,alphabet:t
trump account,trump account updates,alphabet:u
trump account,trump account uses,alphabet:u
trump account,trump account unable to process,alphabet:u
trump account,trump account under 18,alphabet:u
trump account,trump account under 10,alphabet:u
trump account,trump account ultratax,alphabet:u
trump account,trump account usage,alphabet:u
trump account,trump account use of funds,alphabet:u
trump account,trump account used for education,alphabet:u
trump account,trump account under 10 years old,alphabet:u
trump account,trump account vs 529,alphabet:v
trump account,trump account vs utma,alphabet:v
trump account,trump account vs roth ira,alphabet:v
trump account,trump account vs custodial account,alphabet:v
trump account,trump account vs ira,alphabet:v
trump account,trump account vs 529 vs utma,alphabet:v
trump account,trump account vs roth ira for kids,alphabet:v
trump account,trump account vanguard,alphabet:v
trump account,trump account vs custodial ira,alphabet:v
trump account,trump account vs 529 reddit,alphabet:v
trump account,trump account withdrawal rules,alphabet:w
trump account,trump account website,alphabet:w
trump account,trump account worth it,alphabet:w
trump account,trump account what is it,alphabet:w
trump account,trump account who qualifies,alphabet:w
trump account,trump account withdrawals,alphabet:w
trump account,trump account when does it start,alphabet:w
trump account,trump account wiki,alphabet:w
trump account,trump account where to open,alphabet:w
trump account,trump account when can you withdraw,alphabet:w
trump account,trump account x,alphabet:x
trump account,is trump's x account suspended,alphabet:x
trump account,trump x account post,alphabet:x
trump account,trump x account official,alphabet:x
trump account,trump x account today,alphabet:x
trump account,trump x account latest post,alphabet:x
trump account,trump x account posts today,alphabet:x
trump account,trump x account india,alphabet:x
trump account,trump x account name,alphabet:x
trump account,trump x account pope,alphabet:x
trump account,trump account years,alphabet:y
trump account,trump account year born,alphabet:y
trump account,trump account yes or no,alphabet:y
trump account,trump account yearly limit,alphabet:y
trump account,trump account youtube,alphabet:y
trump account,trump account yield,alphabet:y
trump account,trump account yearly max,alphabet:y
trump account,trump account years of birth,alphabet:y
trump account,trump account yahoo,alphabet:y
trump account,trump account yahoo finance,alphabet:y
trump account,trump account zip codes,alphabet:z
trump account,trump account zip code list,alphabet:z
trump account,trump account zip code check,alphabet:z
trump account,trump account zip code eligibility,alphabet:z
trump account,trump account zip,alphabet:z
trump account,dell trump account zip codes,alphabet:z
trump account,trump account $250 zip codes,alphabet:z
trump account,dell trump account zip code lookup,alphabet:z
trump account,trump kids account zip codes,alphabet:z
